bin,left,right,before,after
1,0.0,0.03125,0,0
2,0.03125,0.0625,0,0
3,0.0625,0.09375,582,1196
4,0.09375,0.125,2793,0
5,0.125,0.15625,5566,10452
6,0.15625,0.1875,6566,0
7,0.1875,0.21875,871,4736
8,0.21875,0.25,6,0
9,0.25,0.28125,0,0
10,0.28125,0.3125,0,0
11,0.3125,0.34375,0,0
12,0.34375,0.375,0,0
13,0.375,0.40625,0,0
14,0.40625,0.4375,0,0
15,0.4375,0.46875,0,0
16,0.46875,0.5,0,0
17,0.5,0.53125,0,0
18,0.53125,0.5625,0,0
19,0.5625,0.59375,0,0
20,0.59375,0.625,0,0
21,0.625,0.65625,0,0
22,0.65625,0.6875,0,0
23,0.6875,0.71875,0,0
24,0.71875,0.75,0,0
25,0.75,0.78125,0,0
26,0.78125,0.8125,0,0
27,0.8125,0.84375,0,0
28,0.84375,0.875,0,0
29,0.875,0.90625,0,0
30,0.90625,0.9375,0,0
31,0.9375,0.96875,0,0
32,0.96875,1.0,0,0
